Collezione 1,Collezione 2,Collezione 3
0.589274,0.229363,0.0232255
0.216645,0.0657871,0.590507
1.0216,0.605774,3.22454
2.75544,2.34348,5.97087
5.57374,5.27024,10.2639
9.84278,9.35518,14.9062
15.0557,14.6619,21.4775
21.5789,21.0695,4.59016
29.2801,28.672,1.15121
37.7259,37.4857,2.50372
47.7918,47.45,5.29455
58.6016,58.5482,9.60685
71.3913,14.9981,15.2426
84.4967,0.60283,21.1439
98.9523,2.34839,28.6663
114.787,5.24968,37.4291
131.898,9.31671,47.3544
135.285,14.6287,58.687
1.2641,21.0134,70.8074
3.11216,28.701,84.693
5.56838,37.4093,99.7256
10.1422,47.4504,114.885
15.891,58.3925,131.998
21.0733,70.799,149.686
27.1025,84.215,15.7828
6.39375,32.0397,0.537323
70.1065,0.644373,97.0308
0.804893,2.3368,0.617226
69.9497,5.26315,106.862
0.81766,1.24602,0.126441
41.2883,0.589112,104.598
0.957825,2.34183,1.14008
17.6483,5.26907,84.1603
0.963685,9.34233,2.59481
13.5944,40.4862,55.1122
0.82824,0.632879,0.230993
11.035,110.074,58.9534
0.800176,1.07964,1.52786
11.7094,93.4956,55.1939
0.874543,4.04656,2.83958
8.15895,46.5835,35.827
0.805223,4.87921,1.68316
2.66176,72.5452,17.8368
0.700169,8.5572,0.576613
4.69163,14.3384,24.4059
0.644999,0.606307,0.64968
20.4608,22.0044,49.3755
0.637916,1.01359,0.376923
8.9895,31.128,19.6058
0.588396,8.18615,1.20346
77.2115,30.7709,12.9523
0.606095,0.897938,0.122692
0.93287,25.7295,11.4201
1.50306,0.337394,0.584368
71.0689,12.3242,18.5707
1.41318,0.808586,0.590155
0.721867,16.302,13.3606
2.64669,4.01658,0.0152721
9.13392,5.34025,15.7863
1.88015,5.21367,0.758187
29.5827,1.06103,20.4708
4.64625,0.154028,0.47331
25.2772,0.0745707,21.4374
1.13372,0.6058,0.91188
30.5099,0.100384,14.6022
13.4192,0.433375,0.306022
19.9732,0.00734527,15.4657
5.57841,0.680997,2.26392
11.4564,0.993317,7.73686
2.54418,0.323594,0.174868
4.45407,1.28774,5.61612
2.65606,2.55542,1.03509
0.143035,1.59758,1.38407
0.614568,4.16987,3.3338
0.624956,0.87408,0.749483
0.176047,4.3903,0.527706
0.992574,0.608029,0.607851
2.35221,0.968969,1.04171
23.2396,0.593079,4.98926
0.0460044,0.440993,0.755131
8.5455,0.610668,0.191803
0.581478,1.03946,0.823474
2.00751,0.616621,0.127326
1.15797,0.189272,0.787979
5.68228,0.599008,2.35346
46.5,2.3795,6.15611
0.697665,5.34585,10.0767
3.86777,5.88452,15.0777
6.08679,0.59878,22.3954
11.3338,2.39049,28.8183
19.4928,5.42981,38.3903
21.5944,9.491,47.8669
4.98104,0.216302,5.72687
12.2323,0.596539,0.680708
4.82855,2.34881,2.97992
7.47399,5.32461,5.33199
0.730295,6.7079,4.54789
3.06281,0.392047,0.832209
5.82243,0.2537,16.8468
10.0794,0.353203,2.62865
14.8961,1.33645,4.29734
1.37138,0.616575,3.38384
2.08656,3.82566,2.15358
3.09629,0.674956,0.682852
5.7513,5.4925,6.47115
9.87295,0.470327,4.5845
15.0569,0.605674,7.50351
21.2865,0.695411,6.67225
28.9144,0.605508,3.78568
37.6656,2.53994,5.04482
17.5368,1.18085,1.62422
0.586324,0.354549,1.67998
2.3464,0.64197,0.649538
0.310111,0.707989,2.38732
0.592401,0.603128,0.62111
2.4019,2.34036,0.0841829
1.87571,0.0849353,0.5859
0.455313,0.61288,0.0317348
0.601389,0.829597,0.59325
2.37822,2.91277,2.36848
0.00896912,5.38867,5.27876
0.0878832,9.87031,9.41646
0.605549,14.9222,14.7306
2.39918,21.332,7.11179
5.27659,29.747,0.702199
0.648928,37.4716,2.34558
1.37091,47.4595,5.26279
2.33999,37.2346,9.3793
4.75709,0.838639,7.35517
1.47974,2.5204,0.0646161
6.1976,5.26596,2.43329
3.43872,9.80839,1.00618
0.797669,15.2197,0.59331
1.12613,21.2,2.34946
0.0271378,2.52476,5.31371
0.710682,2.58003,2.27531
1.58996,0.612954,0.293406
11.9495,0.184967,0.732831
0.604079,0.77245,2.34267
2.36493,2.07403,1.38997
5.23099,0.656339,0.333581
9.4241,2.44813,2.09515
14.5463,5.539,0.711989
2.61715,9.35249,2.36354
0.744836,14.5954,5.30561
2.65032,8.67862,0.0953932
5.32036,0.590105,0.587054
9.83828,2.42587,2.54914
14.8941,5.27998,5.30352
21.3321,9.58597,10.0195
29.3772,0.975867,15.2472
37.3744,2.63102,21.2963
47.4684,0.962873,29.0164
58.6952,2.21084,37.457
70.7918,0.835285,47.6732
84.6274,0.497796,58.563
99.173,0.725118,71.1265
118.811,0.107926,84.3673
3.10466,0.75769,99.1775
2.85377,0.854332,115.322
5.31253,0.585235,132.14
10.26,2.38526,150.151
15.8548,5.26127,169.965
21.0621,5.52602,5.12941
2.03083,0.608372,0.631706
9.10555,2.34406,2.36301
89.2468,48.1661,30.9438
0.92237,0.593377,0.583483
86.2344,41.6049,105.546
1.24231,0.74656,0.701165
37.2925,7.96272,102.514
0.939995,0.350148,0.192786
18.7489,0.756531,85.1045
0.936484,2.39394,4.68199
9.22723,80.3925,52.0901
0.914686,0.135072,0.161694
11.4498,15.0402,56.5432
0.837734,0.0989895,1.03349
7.26287,0.585517,54.0791
0.9201,2.34711,2.28215
6.86597,5.26095,44.5093
0.759498,9.38012,3.4093
4.2807,14.5681,32.2877
0.687294,20.995,0.799393
6.37779,28.5332,22.8485
0.591062,37.5745,0.690425
8.23601,47.3054,27.3187
0.00834159,58.608,0.56425
14.5584,70.8708,27.5649
0.582983,84.1526,0.470782
19.7933,48.6864,27.3938
0.579403,1.42882,1.05154
19.2107,0.584185,21.2453
0.580945,2.31881,1.79012
260.119,31.7361,19.6531
0.738668,0.0728802,0.598856
2.35873,3.36912,13.4185
5.41758,0.251086,0.0927392
6.34382,0.808396,10.1561
0.455308,2.82063,0.679962
28.2246,18.3485,12.0455
4.17033,1.29746,0.212401
27.9435,77.5187,19.4117
4.25668,5.2203,1.37811
24.1468,75.6378,11.1505
6.02183,4.50416,0.867677
23.0738,39.2679,17.8165
9.96826,0.586854,0.938988
11.4226,49.8285,12.127
2.88621,0.727962,0.399984
4.51844,36.7063,10.3815
0.60096,0.367777,1.40937
1.15287,47.8566,3.01605
0.737319,8.43974,0.945901
0.585334,28.2374,0.660232
2.38775,1.09976,1.85547
5.25774,17.5799,0.58359
2.54258,0.687587,2.42327
1.40575,16.6754,1.63153
0.600571,0.323411,4.45515
10.0701,15.3184,2.15152
4.02563,7.63419,1.02017
3.49375,3.99,2.7293
0.663854,1.51701,5.36157
2.41644,1.17436,1.00688
5.89595,0.589202,0.667315
6.23325,2.23045,2.34411
13.9713,0.103956,5.4068
3.43873,0.197038,9.42163
2.09051,0.598612,15.341
1.45826,0.988086,22.0011
3.9869,0.778644,28.8732
9.97171,1.60831,38.8205
9.45104,2.01592,47.5225
14.6861,1.74556,13.7841
21.1427,2.90131,0.705101
25.936,1.31411,3.23122
10.7874,3.51401,5.38226
0.221126,0.0938425,7.33424
0.563333,0.73795,1.07639
1.10406,0.604022,12.2847
2.87883,0.981429,4.70886
5.38128,0.606325,9.65167
10.4933,0.85081,6.68646
15.8278,0.610232,8.32843
21.6071,0.802239,4.49077
28.9149,0.638059,7.64548
4.41859,0.493188,5.02869
0.96533,0.632902,7.30608
2.48146,0.0383517,5.97204
5.49998,0.578617,2.74667
9.35507,2.33251,3.2387
14.6265,5.24395,0.237801
6.43738,0.20484,0.825
0.612957,0.597911,0.647979
2.42178,2.34215,1.04215
2.30447,5.28896,0.590825
0.449882,9.3846,0.0561945
0.607783,0.00103777,0.600053
0.0532566,0.608943,2.3589
0.615125,2.4995,5.25668
0.354616,0.686506,9.38368
0.60134,2.20491,14.5953
2.34001,0.969031,13.7143
5.26238,0.750275,0.603068
0.705053,0.172259,2.38451
0.597622,0.595173,5.37134
2.41287,0.444185,9.35838
2.16691,0.590038,14.7463
0.150072,0.091828,1.51969
4.75851,0.615461,1.6626
1.60657,2.41524,0.641145
0.636188,5.31382,2.38007
1.2574,5.22119,2.7205
2.06692,0.607054,0.676832
1.64465,2.40322,0.238351
0.0680143,5.32411,0.114295
0.859339,3.28757,0.666816
0.643343,0.627056,2.33625
2.34389,2.34431,1.28031
0.103961,5.82759,0.351289
0.194792,3.48021,1.00968
0.661197,1.32915,0.641923
2.42188,2.66863,2.52246
5.38745,6.00045,5.45521
9.6148,9.49473,3.78322
14.8149,14.9093,0.717168
21.4466,21.3495,0.471799
28.994,29.0326,0.61437
38.0474,38.5252,2.47713
48.0509,48.2978,5.33297
22.2173,53.7446,9.63456
0.606868,2.31406,14.8718
2.44114,5.71239,21.8659
5.43596,0.658326,29.1336
9.36977,0.0744282,38.325
14.9817,0.583952,48.6029
21.3647,2.37496,58.8686
28.689,5.28207,71.5462
38.0311,1.22745,84.7392
48.0202,0.665241,99.7634
58.7134,2.34587,115.27
72.9124,5.2784,132.152
84.9687,0.28026,37.3861
99.2705,0.585221,1.31014
115.249,2.3692,2.90512
17.6815,5.21463,6.76312
7.79612,9.59297,9.48325
156.826,14.751,14.9607
10.4108,11.3896,21.1989
39.5845,0.658347,28.9551
0.730412,2.8178,37.8404
128.808,5.74509,19.4176
1.07966,13.3028,0.657595
21.0554,0.764483,55.3381
1.03701,0.261008,0.899295
47.0012,0.815211,134.471
1.15543,0.912924,1.30589
10.3727,0.625343,47.5569
0.857356,0.158627,0.119193
1.8378,0.716159,38.8211
0.80501,0.104137,2.91686
25.0856,0.644648,70.1066
0.924899,2.43036,0.751504
3.81471,5.44272,34.3848
0.835916,3.64081,2.05814
12.7244,19.8562,52.6232
0.644817,0.594967,0.747302
6.01121,1.63115,25.5005
0.596499,0.0642834,0.651815
8.12346,0.610985,22.0381
0.583739,0.716237,0.274557
32.6338,93.1782,48.4543
0.0579975,1.37689,1.01703
209.84,3.56581,16.4766
0.579091,0.5833,1.39824
24.0719,2.31284,58.9912
0.153421,5.24911,0.0262878
104.157,9.33585,31.959
1.15749,14.5426,0.571918
0.616774,20.9359,13.3167
2.64206,28.5681,0.613894
5.50015,37.3231,30.2557
12.4402,47.1557,0.624737
16.172,58.2953,13.2149
1.05828,5.09445,0.880717
46.5258,0.621154,30.8873
8.43348,2.33682,1.3687
32.1157,5.21493,18.9078
9.79336,0.0211097,4.51401
14.7489,0.597799,3.07972
4.01835,2.32972,1.14906
24.2962,5.23703,15.063
0.872073,9.30182,0.901178
17.6351,14.543,15.6621
27.4906,0.988209,12.6718
0.34682,1.02066,1.253
0.720328,2.94618,0.613167
2.33137,124.403,0.0923951
0.418549,2.35389,0.644285
0.593609,24.8547,0.916014
2.80925,7.49941,1.27686
1.69915,139.862,0.218673
0.584669,0.108427,1.08436
3.76808,32.1898,2.5734
2.09778,5.09584,0.708332
5.12288,47.6075,2.30858
0.664273,0.638839,0.587424
2.78963,41.4766,0.832795
1.968,1.03744,0.601575
4.16201,26.3165,0.504436
22.6363,5.16848,1.58682
3.06333,79.1548,0.968056
21.2506,4.51837,3.14903
1.04689,12.0096,6.29788
4.50349,0.766591,9.51005
7.96869,31.313,14.9644
10.2122,0.107437,20.9101
17.7908,14.7141,28.9852
21.028,0.995539,37.4302
28.6389,4.17976,47.2664
9.87003,2.53229,58.487
2.35585,8.09886,14.3735
5.4542,0.630735,0.81523
0.720804,0.0912817,2.52051
2.97975,0.586791,6.58419
6.42945,4.3896,3.03038
9.60369,0.600806,0.566637
14.6653,0.966537,5.60295
6.01426,0.0818861,1.02174
1.23176,0.771729,7.28275
2.72791,0.74288,4.04241
5.46531,6.10392,6.49898
9.57969,1.78957,3.88352
14.8344,0.942129,7.50957
21.068,2.76087,7.70014
2.8564,1.09626,6.32064
0.590517,0.367713,7.75141
2.39291,0.0121199,0.431475
5.28524,0.145286,3.14444
9.36085,0.412094,0.672002
8.49346,0.664087,1.57712
0.589055,0.610491,0.639508
1.3958,1.74539,1.68849
0.589114,0.625582,0.599898
2.34772,1.83083,2.33217
5.23772,0.158154,5.24452
4.22008,1.33511,1.40477
1.38004,0.577483,0.569801
0.0677642,2.33646,0.537948
3.27218,5.25784,0.374006
0.0374333,2.46468,0.646217
0.0743336,0.608584,2.41239
0.0747182,2.31697,5.2017
2.57488,5.22359,4.13954
0.241634,9.28807,0.588174
1.08133,1.56873,2.35039
0.742304,0.0261215,1.46836
0.641292,0.584861,0.597062
2.45806,2.32931,0.169311
0.594367,5.36114,0.00312327
1.25384,0.12692,0.0388897
0.660247,0.673091,0.596795
2.37928,2.36895,2.401
5.4609,5.30095,5.2691
9.88985,6.62742,0.271367
0.627719,0.326949,0.581067
2.42797,0.0661996,2.48224
5.45847,0.578488,5.25045
9.30892,0.0112221,9.49993
14.5389,0.0958677,2.75842
21.0252,0.650577,2.34653
28.5172,0.324186,0.669729
8.67854,0.410612,2.30889
0.727779,0.59793,5.2493
2.3977,0.056827,9.30968
5.24473,0.949976,14.5618
9.44797,0.320651,20.993
14.5865,0.604554,28.7377
21.1669,2.34942,38.167
28.7128,5.28152,47.6081
37.3523,1.44858,58.7072
47.7411,0.615587,71.1668
58.4367,2.39219,5.85875
70.6063,5.53058,0.64639
83.9916,1.16174,2.41922
98.6409,1.04654,5.32266
0.728332,2.51265,9.36902
1.88072,5.28437,14.5209
2.37807,9.51795,21.3417
5.29077,14.7523,28.9097
9.53842,21.1149,37.6211
14.6614,28.6733,48.1022
21.6063,37.6048,58.4579
35.4841,7.91964,70.9337
10.7994,0.920445,84.3362
233.339,2.89307,99.1213
2.23114,5.32572,0.0237277
107.362,1.11685,123.799
0.679153,1.41768,0.590352
18.0239,0.587373,38.492
1.31892,2.42647,0.662729
111.851,5.5467,223.633
1.24958,12.3567,4.10422
2.45014,0.588017,29.325
1.35226,2.32688,0.569785
15.8105,5.22901,60.4275
0.920712,9.31561,0.691466
2.12044,14.5286,67.7231
0.892392,4.59728,0.473118
3.2283,0.585518,44.0093
0.786547,2.39881,5.67792
9.91549,5.24436,49.1015
0.719456,9.62782,1.12103
4.29087,14.7716,27.4953
0.586003,21.1702,1.03101
8.85402,0.930446,30.4966
0.583279,0.845823,0.58239
28.1555,0.819924,33.765
0.633046,0.755667,0.319306
7.7615,0.784898,10.9716
0.296315,0.18677,1.44993
47.32,0.630466,54.1491
1.51724,2.40029,2.66555
153.406,5.27147,7.58408
0.666794,4.95965,0.164353
1.55993,0.642687,13.4404
0.698645,2.33323,0.581817
0.838229,5.2872,23.2484
0.329369,0.934717,0.630395
14.769,0.582835,7.0938
2.78735,0.428481,0.724119
42.0004,173.039,39.1219
4.40739,0.65414,0.977616
15.6333,6.20643,8.40993
6.28483,0.692782,0.82056
14.087,0.651938,8.04425
1.23641,1.55488,0.0415803
15.6785,1.75557,8.42083
3.69979,1.44275,0.819743
2.56907,7.61559,3.44452
0.475501,0.582979,0.865381
4.3115,1.82669,8.23947
0.494371,0.581876,0.322317
0.250028,2.32533,1.9546
2.88412,5.2373,3.99177
0.690987,9.29689,0.581858
2.41049,14.557,0.0349351
5.26736,20.9336,0.661132
0.125143,28.5371,1.51151
2.72345,37.2296,2.97715
0.836283,47.1378,0.625318
25.7517,1.97744,33.0919
0.581712,0.339645,0.405738
0.198314,0.583323,1.71647
2.48513,2.35373,2.32229
1.05256,5.26595,1.52138
2.40587,9.33773,2.6206
6.87531,14.567,5.28859
9.88395,8.98413,9.67074
15.1825,0.600559,14.8992
4.17747,2.35404,21.3118
3.92386,5.29491,28.6999
2.43104,9.36466,37.8617
0.636518,14.6579,48.5142
3.4183,21.1351,58.5806
6.82823,213.13,71.499
10.0067,0.9295,71.4943
48.7064,88.5168,19.4261
20.3785,1.39068,0.591011
5.29186,43.0127,1.17478
1.51026,7.21802,2.67164
1.96129,108.927,7.58011
5.65313,4.07974,9.63822
1.03114,27.5566,3.5712
3.37848,0.605692,0.846472
5.81884,88.0876,12.4093
10.9298,0.818041,8.4073
16.6361,48.1428,11.7065
21.7113,2.6385,6.35633
29.1007,16.0453,5.60172
37.7332,2.67052,3.72488
6.17037,50.7492,4.00596
0.703043,0.868244,1.81833
2.41529,10.4495,7.32139
5.25801,0.533866,5.58281
9.33796,20.3851,3.58683
3.6117,3.45895,3.28512
0.665152,6.36303,0.264481
2.37661,4.75425,1.3656
0.134376,0.213371,0.583738
0.448563,0.581564,0.323192
0.599049,2.40707,0.685532
2.35529,0.608022,2.15069
5.44938,0.361451,0.620319
12.475,0.0544407,2.4408
0.593224,2.4125,5.37378
0.905381,0.198803,1.30608
0.611466,0.885216,0.60806
2.45014,1.27684,2.54166
5.34608,1.82195,5.4289
2.61926,1.85763,9.52714
0.61982,1.92248,15.4467
2.60336,1.08334,21.4715
6.3311,0.581161,9.85288
1.21642,0.84827,0.69903
2.03832,0.101023,2.78453
2.04075,0.690645,0.960279
0.272769,0.650593,0.155881
2.54192,0.864655,1.38181
0.0473545,0.146399,0.0257801
0.012484,1.17842,0.0112921
0.617104,0.589832,0.582243
2.32829,0.114486,2.36346
5.25417,0.666629,5.26743
3.64444,0.58096,0.961447
0.621821,0.60625,0.892501
2.38684,2.38698,1.78811
5.24689,5.37481,0.64232
9.38964,9.29848,2.38485
14.5541,14.542,0.104591
1.61825,7.734,0.911387
0.648391,0.586876,0.618578
2.45203,2.34616,2.34842
5.27479,5.22643,5.22235
9.45314,1.4999,9.29312
14.6443,0.635634,14.5737
21.0789,2.37891,21.0446
28.8959,5.29783,28.8378
37.3657,5.2812,1.42769
47.2825,0.586075,0.934238
58.4207,0.697019,2.75146
70.6631,2.29647,5.75074
45.2165,0.173809,9.44024
0.658655,0.631682,14.6673
2.44891,2.54139,21.1173
5.2975,6.00317,28.7889
9.809,1.70079,37.4121
15.9255,0.78445,47.4106
21.0449,3.5968,58.5497
29.3127,0.609429,70.853
38.2121,2.34404,84.9819
47.8917,5.27484,100.313
58.9898,0.00391739,114.746
46.8001,0.607669,132.687
11.182,2.35732,149.74
60.1922,5.26427,15.8271
0.813706,0.856188,0.608728
143.051,0.627707,145.18
1.16836,2.61634,0.694272
32.3065,5.26781,51.9624
1.23965,9.85547,0.543011
61.09,15.4292,132.551
1.06473,21.0505,2.7247
8.66989,28.6427,63.9393
1.09943,0.157338,2.80395
2.87973,0.616844,32.0887
0.872236,2.4205,0.608672
13.4213,5.28583,70.4236
0.90863,9.57411,0.650723
2.40451,14.8382,30.732
0.7795,21.1523,1.99079
14.406,28.4424,52.1838
0.810115,2.95419,0.604963
6.10541,0.584701,33.6414
0.717718,0.0115193,0.141964
0.866976,0.625603,11.4601
0.585677,2.47247,0.0588323
38.7143,5.37453,70.4547
0.587539,11.1465,0.112597
10.4721,0.69635,14.0759
0.603874,0.0766658,0.926102
30.0751,0.864946,25.7891
0.898788,0.335801,1.61016
284.667,0.588698,9.31556
0.618278,2.35415,0.175044
3.47699,5.28494,22.4982
0.64796,9.4294,0.613234
4.53087,14.655,23.1777
0.383404,10.0187,0.589531
0.604054,0.654464,8.05479
2.80465,2.71124,0.669296
46.9655,5.51392,15.4014
5.43671,9.62337,0.25488
20.2167,1.09952,12.9539
5.98378,2.37558,1.0467
12.8867,0.717256,7.68098
2.67449,0.0793383,0.830952
14.5084,0.663503,7.16139
3.12534,0.135707,0.0424311
7.39397,0.585436,3.02934
3.59534,2.40445,0.71645
3.2323,5.32859,7.05792
0.0587305,7.39961,0.272494
1.95568,0.615874,3.50294
3.06668,2.32783,0.679634
0.599219,2.77484,1.66745
0.0744131,0.639364,0.55109
0.582488,57.0292,0.610443
2.41934,0.123193,0.592715
5.22751,3.88741,0.588085
2.11752,0.87086,0.208522
15.0303,0.703828,22.8032
1.01548,2.7972,0.595552
3.51723,0.596699,14.7063
0.709406,0.355993,3.98157
2.34353,85.4724,0.739911
5.56408,0.585033,2.92888
8.82454,2.325,2.22784
0.846081,1.25976,0.584708
2.43606,0.589564,2.61873
6.8546,2.34375,5.43145
9.7412,5.23511,9.96631
42.4887,9.3567,21.7545
2.59129,14.5533,0.762734
11.873,21.024,2.70336
1.02472,28.5103,5.44477
3.66178,37.3811,9.57414
6.63771,47.1938,15.4972
10.2777,6.59242,20.9725
17.6559,0.647375,28.6579
6.84452,2.39339,37.5455
4.1319,5.38779,47.9393
1.54953,5.17717,58.4268
4.93761,0.575928,11.0172
4.61378,2.31874,0.709818
0.676765,5.22725,5.22408
2.90091,9.29009,0.658437
6.21117,14.529,7.27506
9.54477,0.188378,2.44008
14.604,0.586263,1.77853
9.67224,2.36332,0.807673
1.1647,5.31006,6.89441
2.88356,4.23111,1.06717
5.59215,23.8551,8.58009
9.85871,0.591871,4.30856
14.9712,63.0385,6.93877
21.3851,1.02346,6.23116
0.704251,72.6963,5.39598
0.610748,7.40076,5.8463
2.38269,29.552,1.53456
5.2412,2.20516,2.2544
0.0263896,76.8434,1.09194
0.603684,0.62091,1.99105
2.3267,14.5216,0.636451
1.04113,0.99016,0.914674
0.605029,82.0616,0.609843
1.41942,8.56221,0.909452
0.599015,28.8972,0.612693
2.35865,2.00115,2.35278
5.25939,8.36775,5.24078
4.53042,0.611355,2.40172
0.622205,31.5432,0.602135
2.3965,0.844035,2.4429
5.3396,11.4062,5.26628
0.0642124,4.81438,9.43971
0.602581,11.5881,14.7732
2.36413,2.26249,1.68417
3.33163,1.59392,0.760442
0.181508,0.188614,2.33279
0.591014,0.184905,0.00937333
0.574222,0.0830548,0.022604
0.58746,0.263,0.599696
0.35558,0.0199788,2.41304
0.883386,0.612288,5.07887
2.11235,0.0642967,0.0660769
0.651465,0.705758,0.597256
0.967581,2.43323,0.0975897
0.0410563,1.16018,0.102337
0.448014,1.19738,0.91767
0.627811,0.157378,0.457995
2.39332,1.1933,0.798598
5.40078,0.67949,0.751689
7.29119,1.14853,4.21764
0.590925,0.502427,0.648895
2.4416,0.903533,0.20655
5.36233,1.71979,0.664684
9.53345,1.80232,0.34632
14.7387,0.862921,0.721927
21.4475,2.07626,2.4036
28.8469,0.281538,5.263
0.866574,2.16597,9.53072
0.966628,0.633698,14.6491
2.44032,0.505615,21.6712
5.40416,0.595103,28.7028
9.34434,2.36357,38.2253
14.592,5.26479,48.2511
21.0768,2.34983,58.6662
29.8202,0.610352,71.3989
37.9864,2.32457,84.0366
47.4339,5.24392,98.4437
58.6162,9.29436,2.70777
70.893,0.780932,1.01898
83.9596,0.679778,2.46699
99.6698,0.0644337,5.25801
114.48,0.683109,9.66985
35.2379,0.621461,14.8837
0.534455,2.3782,21.2535
216.496,3.76847,29.4563
6.7375,0.230772,37.3899
68.9362,1.37016,47.3813
3.1027,0.227665,58.3244
165.577,1.44729,115.487
0.552717,0.129986,0.58524
77.8035,0.847717,104.821
1.38071,2.6373,0.599192
29.1121,2.72378,60.3494
1.27324,0.772915,0.66603
19.2523,0.518646,95.6442
1.1636,1.70146,1.3551
1.71003,0.704194,35.4547
0.961412,1.8531,0.495729
10.7657,0.589465,70.7889
0.868551,0.00692608,0.721773
6.92489,0.579452,49.8057
0.832337,2.35344,0.979821
2.13368,5.84528,30.1255
0.808656,13.6976,2.38108
13.366,0.910849,47.9906
0.626774,2.81204,0.469032
0.0734046,5.45685,9.3327
0.611459,9.63648,0.175507
30.937,15.1404,51.0872
0.595434,21.0118,0.27999
12.7365,28.5973,25.1173
0.589825,37.4134,2.26405
3.39692,47.2981,4.77063
0.16345,12.3224,0.159441
291.42,0.619243,32.2185
0.60347,2.70111,0.760071
13.9556,5.84006,1.35641
0.126527,9.42817,0.594402
0.535104,1.33704,25.2871
0.743255,1.0475,0.591629
2.34075,0.58517,9.91981
5.73935,0.751889,0.747135
43.9513,2.53356,3.18718
1.06884,2.77483,0.764456
47.1579,0.644285,23.4833
3.03324,0.397181,1.31132
18.0926,0.588851,14.3126
12.6325,2.32629,7.67176
26.2159,5.29962,13.1663
6.72233,0.0917363,0.793814
11.8837,0.595779,13.1825
4.35956,2.41311,1.06665
2.55729,0.167921,10.2046
1.14928,0.335476,1.83266
1.53094,0.657392,3.60566
3.80296,0.70318,6.0049
0.639239,0.757591,0.614707
2.4298,2.72778,2.50188
5.2722,4.8979,5.30579
1.47801,4.59838,2.13949
10.9639,0.756389,10.4481
0.618413,0.148894,1.59124
0.131962,0.686995,0.924437
0.997799,2.53913,2.51304
10.0386,0.588446,7.39614
0.802363,2.41453,0.655689
2.32301,5.3037,2.36002
6.05358,7.70907,0.0347141
13.6309,0.714369,0.689051
23.4207,1.0907,2.62309
2.59421,0.610449,5.25192
2.54238,2.42749,9.9325
1.16787,5.27879,15.1338
4.44601,9.39972,21.2002
11.1678,14.6094,29.8314
9.43987,12.0723,37.3375
14.7771,0.678244,47.172
20.9745,2.94588,58.2893
12.9526,63.0848,31.3821
6.85394,0.0955894,0.646521
0.590174,8.4687,2.37211
0.628763,0.583825,1.31637
1.01389,2.31224,2.55396
2.78984,5.22246,0.556479
5.4717,9.27332,3.38901
10.0458,14.5681,2.23601
15.3185,20.9675,2.13899
21.4106,28.4756,3.58955
28.8409,37.3039,1.64373
1.93816,47.4337,1.60778
0.781766,2.69903,2.41314
2.5726,2.99017,5.33798
5.46512,0.802546,2.62312
9.44397,4.49408,4.05808
14.7521,0.635468,0.958642
21.0613,2.36198,6.67375
2.09466,5.27611,0.638926
0.587242,9.36273,0.325613
2.33997,14.6657,0.624191
0.431249,0.535812,0.643705
0.58492,0.63317,0.622231
2.33066,2.32369,2.3016
5.25473,5.23652,5.23218
2.02912,9.30062,0.544037
4.36452,110.497,2.91859
0.168477,1.14429,0.0225265
0.133406,41.8304,0.0127758
0.578207,8.96389,0.570528
2.40302,66.7787,2.34272
0.319173,6.55511,2.41566
1.28073,17.1682,0.684838
0.386479,0.587877,2.33629
0.189282,19.5521,5.25696
1.349,0.848481,2.22823
0.0529326,62.7664,0.646939
0.358638,1.4198,2.51267
0.189614,21.3428,5.37051
2.68239,6.41413,10.5831
0.833496,34.0455,0.639833
1.94624,0.673795,2.40586
0.872276,13.5496,5.31905
0.412178,0.824001,2.38906
0.611291,21.3853,0.589305
2.34787,4.10831,2.44486
5.34828,10.969,5.30809
9.45228,3.72477,9.61468
14.7437,0.214378,14.8184
21.1921,0.584857,11.143
0.198115,4.91713,0.775171
0.307724,0.0249471,2.33441
0.792268,0.0019008,5.26438
2.46798,0.611771,9.38726
5.46889,3.34219,14.6388
9.32792,0.723457,20.9341
14.8446,2.66615,28.7411
21.0898,1.75564,37.9932
28.8426,1.05327,47.5169
37.3639,2.56456,58.7867
47.6335,1.31227,0.886699
58.8545,0.592748,0.621454
71.2835,0.944396,2.4323
84.3488,4.47289,5.44992
99.0301,0.743687,9.44848
94.5257,1.05116,14.8444
1.83121,0.70461,21.1775
3.79398,2.40177,29.2487
7.16768,0.643978,39.1395
9.79746,1.83315,47.5142
76.5065,0.622459,58.675
6.62098,0.413804,70.8924
146.391,0.746879,84.3325
10.2294,0.355609,40.1691
9.09528,0.580454,38.7061
1.03397,2.34507,0.744298
130.66,5.2849,224.44
1.10904,9.33888,0.399595
1.79818,14.6552,28.0504
1.06924,1.87961,3.22299
49.1546,0.587087,122.708
0.891201,2.41965,0.729179
8.6234,1.2894,69.1654
0.844181,0.21463,1.47473
0.113861,3.31591,20.9347
1.07651,0.40976,0.816382
34.0622,0.327176,96.038
0.967676,2.0113,2.43661
3.00225,0.822316,10.4173
5.34194,2.74318,1.86263
28.5773,2.09394,44.6223
0.61311,2.48444,0.586197
11.8307,0.611172,19.1432
0.586301,2.70684,0.654882
3.24379,0.212295,11.5657
0.398609,2.11419,0.50324
34.8269,1.07781,45.3715
0.0043978,2.44849,0.69691
48.958,5.29472,5.85684
0.584454,9.44366,0.689285
41.8976,14.7691,29.0933
0.641184,17.5471,0.150901
85.5517,0.607303,6.95622
0.424112,3.10883,0.586041
0.712298,5.68009,1.38828
2.59061,9.68201,0.601437
7.7094,14.843,28.357
0.415396,21.0191,0.854031
12.0666,28.6702,8.50787
4.10173,37.4352,1.18556
27.1149,47.304,19.3398
4.23608,5.06372,2.03737
19.5116,2.06114,6.32998
9.76631,1.58673,0.815167
5.6524,3.29996,6.05092
1.01298,0.852501,0.450339
15.3729,0.588474,13.979
10.3055,2.35977,0.817666
0.296982,0.247367,4.56429
0.355774,0.889523,2.67237
0.814944,0.0200538,0.917073
2.04271,0.0948863,4.75569
0.711996,0.590558,0.622648
2.53775,2.37199,0.377347
0.879215,5.28699,0.42845
0.589365,5.19959,1.09312
16.9945,0.57716,17.9509
4.7032,2.43721,1.58603
1.94137,5.22376,1.97013
2.37437,0.528841,2.46412
5.29194,0.542537,5.26076
0.998795,4.17587,9.37887
1.49849,0.983551,14.6379
9.56962,2.5748,21.0931
1.23492,0.790141,0.429825
1.57182,2.54807,0.640467
0.769479,0.665873,0.814783
4.221,2.46603,2.73034
8.7607,5.30917,6.92324
9.79242,0.330573,9.29329
15.7653,0.648468,14.5342
2.55127,1.38636,21.1317
7.81103,0.675693,29.6247
8.89415,2.343,37.1669
0.58329,5.2656,24.6498
2.7474,0.136761,0.722216
0.654536,0.608207,7.34749
0.7756,2.34592,1.21784
2.33575,5.25496,2.72395
5.93742,9.36725,0.622337
9.87494,33.4884,4.03715
15.1805,0.173105,3.04715
21.3358,0.692064,5.30003
2.30514,3.20021,2.97289
1.03836,30.8035,6.06799
2.59533,0.144144,6.59277
5.50485,53.2773,2.83059
9.37446,0.203077,5.38037
14.6529,0.609958,0.262393
20.949,2.40123,1.34871
5.51081,5.26846,0.14057
0.578112,9.41568,0.674079
2.32743,14.5463,0.619981
5.23146,21.1436,2.33787
0.923747,28.5023,0.218874
0.0246041,37.6923,0.173479
0.583396,47.4069,0.589603
2.3234,58.2892,2.30992
5.23307,4.9955,5.20638
0.231114,2.84765,9.29727
0.657268,0.585016,14.4877
2.39619,2.32498,11.8204
0.0561324,5.24778,0.62768
0.833421,9.33559,2.34709
1.31277,14.5361,5.27096
2.20583,20.9785,1.3781
2.11793,8.27972,0.751741
0.440504,1.36479,2.41341
5.64425,118.099,5.19277
2.49116,5.06035,0.426315
0.527507,58.7306,0.620039
2.36148,5.39405,1.7447
0.253258,96.5257,0.652847
3.084,14.7888,1.40494
0.604038,12.6581,0.648961
2.36175,0.621358,2.48692
5.50176,16.8666,5.31116
14.0541,1.20252,2.97911
0.623727,21.8743,0.608248
2.3363,11.2812,2.40951
5.24325,27.6509,5.29413
9.36773,1.78781,3.58635
14.5628,25.8123,0.630627
21.1007,0.119044,2.3262
28.5613,15.9749,5.34283
18.7212,1.45467,9.48875
0.74052,11.1391,14.6296
2.58368,3.12993,21.7029
5.33183,2.69896,28.556
9.56153,0.0875467,38.1534
14.9293,2.49158,47.8183
20.9494,0.0783264,6.12312
28.828,0.974439,1.67423
37.3105,0.107483,2.33502
47.0744,1.05879,5.36119
58.3597,0.617671,9.37999
71.027,2.8734,15.2677
83.8624,0.783288,21.2652
98.6585,2.47233,28.5645
114.482,1.6431,37.9047
1.50638,4.48908,48.276
0.90472,3.88771,58.4472
212.699,1.1293,71.4064
12.9697,3.54358,84.0418
64.9002,1.05607,98.6474
3.41918,0.472077,114.159
98.5245,0.621209,142.764
1.04999,1.57438,0.648889
41.4001,0.712845,59.4298
1.30804,3.43007,0.187945
67.7515,0.0907262,139.485
0.965346,0.665504,1.47181
8.91056,0.675334,74.1001
1.2614,0.120471,2.55636
5.33966,0.598471,37.659
0.844777,2.33065,0.881623
10.3793,5.23075,74.4474
0.879326,1.88979,0.911305
1.70867,0.598471,28.2841
0.871283,2.34106,0.952724
14.0641,5.30273,60.6326
0.757822,9.31197,1.98595
4.10183,14.5708,26.3818
0.608938,1.28788,0.0506185
1.18498,0.623321,12.9873
0.624736,2.38171,0.350777
22.895,1.58351,30.5899
0.587391,0.246223,0.674929
5.98256,0.106715,19.5695
0.584682,0.224788,0.954269
22.3327,0.338218,24.3769
0.302134,0.156025,0.952612
99.8532,0.581787,12.4434
0.588202,0.525488,0.814338
6.81505,0.597448,4.79593
0.237096,0.696313,0.599567
0.684249,0.580484,10.5523
0.791176,0.0949686,0.581926
3.49946,0.682989,8.78007
0.81906,0.885015,0.715525
28.4142,0.584527,16.5314
3.24306,2.32348,0.385433
19.8693,5.25611,14.5438
1.69306,0.953407,0.450696
22.4102,0.60013,12.3669
8.03272,2.45004,1.1243
27.9405,5.23949,13.9005
12.5639,9.46471,0.55652
9.0151,14.5425,6.75848
1.16542,21.3156,1.24046
7.32387,29.1379,12.0089
1.34239,0.27115,2.29141
2.93525,0.637726,3.2428
8.87095,2.3371,5.93586
0.581877,5.23549,0.579835
2.44106,9.3454,0.169678
2.29059,14.6155,0.30301
0.581807,21.0875,3.26754
3.23544,28.6893,1.15155
11.5786,25.1617,2.5111
8.21808,0.628565,15.6262
0.731164,2.30553,0.850364
3.40001,0.74364,1.44536
5.33821,2.62279,0.606232
9.43407,1.99103,2.36323
2.24781,6.80829,5.2254
3.91089,0.605409,10.061
42.9488,2.40773,20.1722
1.00029,5.43037,0.955224
3.55202,3.31529,2.79395
6.26656,0.613243,6.54288
10.3479,2.38432,9.29962
16.7264,5.29767,14.7105
21.2725,0.376148,20.9441
29.0644,0.615501,28.5604
49.6299,0.916927,37.3626
11.8205,0.606803,47.4888
13.5772,2.745,58.2602
0.586465,5.64944,24.5949
0.559979,10.1364,0.290372
1.2239,0.825999,3.30915
2.64835,4.76034,0.387534
5.23643,0.799846,5.56511
10.4539,0.146361,1.48233
16.0695,0.13779,5.60378
21.5178,1.37697,3.47745
28.824,0.599995,8.2709
9.26307,2.42711,3.51648
0.90687,5.3882,9.84525
2.70184,6.62194,8.49155
5.78764,0.631059,6.73007
9.41722,0.210058,8.46771
14.743,0.591724,0.6227
21.1156,2.36813,2.22001
17.6879,2.50848,0.0789259
0.00361801,0.102759,0.42595
0.604192,14.4327,0.618834
2.40223,0.634991,0.0144497
5.30956,0.633177,0.594407
7.1834,2.35051,2.34976
0.593291,55.9122,5.28979
0.143101,0.241576,5.88977
0.59112,21.0965,0.593003
2.35407,0.591305,2.3906
5.25969,2.33972,5.26229
2.78804,1.65983,9.46416
0.620878,0.58561,0.0941258
2.48087,2.38347,0.647978
2.8739,5.2326,2.38807
0.301941,9.41538,5.2549
0.895405,14.5928,0.606789
1.97399,21.0893,0.577501
1.93459,28.5221,0.35594
0.43019,37.3657,0.660455
0.679315,47.2025,2.45502
3.16343,58.1605,6.33951
0.469141,70.4177,0.589929
2.86655,71.2341,0.585106
0.586558,0.5898,0.613094
2.36751,2.33759,2.37457
0.348658,5.23508,5.26041
2.88823,0.0789735,2.04732
0.591035,0.582298,0.616003
2.35038,2.34808,1.75255
5.27377,5.23807,0.750565
9.31064,9.36542,2.89391
14.5587,25.4749,0.759908
3.08002,1.24305,2.34939
0.596356,98.9452,5.32126
2.5223,5.54343,0.409842
5.26316,75.3236,0.635719
9.67164,5.62477,2.44629
14.7151,71.3747,5.46361
21.2853,8.32914,10.1991
28.9977,34.013,14.9569
37.3504,0.589589,21.7058
47.7362,31.7058,29.4734
58.4297,0.763756,37.4243
70.4971,32.4507,47.5179
84.1729,0.489627,58.2481
98.5368,53.7071,70.4925
72.0302,12.9554,84.0197
2.18191,24.3236,98.7383
2.53488,0.902698,114.825
5.3724,17.9495,131.475
10.5988,0.698874,1.48474
16.9997,17.741,2.0584
20.9542,1.00403,2.29914
87.3677,11.1706,5.21628
2.36749,4.30113,9.30225
97.5306,2.81228,14.6379
0.610704,0.962259,20.8679
101.739,0.655001,143.315
1.18683,0.59351,0.710181
26.9842,0.524004,58.9801
1.24174,0.0208359,1.23227
36.1362,0.438321,104.529
0.984167,0.0748587,2.83152
0.445488,0.425221,30.9327
0.959944,0.818861,0.212235
7.84994,3.6226,49.6369
0.880401,2.84678,1.34564
5.33358,1.86354,53.7231
0.923335,3.43282,1.52019
4.67582,0.347194,42.4547
0.871436,0.865219,2.40075
2.86523,0.187765,30.7513
0.659471,0.492669,1.2145
3.19762,0.0350184,23.0828
0.652157,0.149081,0.236744
9.50169,0.234019,19.1372
0.587747,1.42359,0.718301
11.194,0.703635,27.0656
0.582561,2.2935,1.49726
19.5917,0.587391,23.7583
0.139272,2.32751,0.577363
12.7117,5.25395,17.7436
0.594744,4.66247,0.668428
239.39,0.600261,20.7086
0.663631,2.33749,0.434767
0.206424,5.24286,8.30212
0.726179,9.31911,0.582405
8.55217,14.5575,8.58183
0.42923,6.6119,0.635144
5.39909,0.600903,13.9181
4.04033,2.37691,0.14536
24.7116,5.28386,13.215
1.95346,0.326122,0.818463
32.4043,0.585511,23.9261
9.21447,2.39971,1.00527
24.613,2.29218,12.3801
9.22165,0.61145,0.416639
14.3211,0.814768,9.31874
6.41205,0.367454,1.13629
4.39929,0.025701,14.5552
0.999681,0.604564,2.87751
1.05559,0.306823,3.13758
0.783407,0.701334,0.962266
0.6256,0.144093,0.927982
0.733691,0.271469,6.47692
1.23029,0.719671,0.409846
0.150123,1.83833,0.701239
14.868,0.649136,19.4481
0.606811,0.0435048,3.82491
6.99285,0.591864,1.19499
6.02586,2.32317,1.01718
1.3857,5.23935,2.42549
0.619316,9.31112,5.56548
2.69894,14.9066,9.70751
6.23826,25.1029,0.820182
2.26295,0.789912,0.581156
20.4021,2.68032,2.41774
3.87303,5.49156,5.2485
5.54075,9.4743,9.59557
1.01205,15.1319,15.0151
4.79085,21.0284,21.0601
11.2872,28.6095,28.9938
9.57801,37.3572,37.3964
15.0478,47.8679,47.3835
21.1162,39.96,58.4573
2.8367,0.692691,53.0859
9.04761,2.63698,0.562376
0.0585437,6.17132,0.187219
0.838804,9.33319,0.784813
1.35304,6.51565,3.40175
2.56018,0.355959,0.528756
5.24287,0.704791,5.14872
10.3334,2.39914,3.10774
15.7074,5.33582,3.57964
21.5939,9.40492,4.02926
28.9489,0.882908,2.55464
6.91038,0.143234,1.66789
0.791126,0.595655,3.96003
2.6551,2.37819,3.93184
5.55228,5.24225,5.74961
9.39026,0.724729,8.44153
14.6968,0.762595,1.84291
20.9626,2.45598,4.17786
7.58131,5.27746,0.145504
0.597146,2.32205,1.58696
2.37287,0.268284,0.657484
0.103895,2.43192,1.17341
0.613545,0.914623,0.600466
0.797785,2.57585,2.31284
0.588711,2.41632,5.21834
2.369,2.85774,3.44865
0.03149,0.715132,0.582644
0.442346,0.123823,2.3536
0.590178,0.63851,5.23702
0.414473,0.340521,0.468738
0.061447,0.642401,0.613753
0.640897,2.22663,2.40702
5.42966,0.638345,0.304414
0.137437,2.34084,0.591778
0.164701,5.27008,2.39693
0.419807,0.223147,5.2652
1.87992,52.4958,2.81571
0.93201,0.623036,0.634674
0.113882,39.2359,0.281071
1.03486,0.310841,0.264542
0.759006,0.926989,0.636627
3.04319,0.513594,0.30039
0.619226,0.629004,0.571761
0.829975,1.40208,2.35856
0.580698,50.6988,5.254
2.33061,0.5849,2.21478
5.29423,1.89648,0.603541
2.64932,0.0228,0.719894
0.584141,0.586171,0.768195
2.35951,2.38584,1.8939
5.22665,5.25541,0.75369
9.42109,9.33542,0.0819882
14.5739,14.5356,0.695589
21.1334,20.9715,2.34307
28.5988,28.4796,5.2426
2.4989,37.3897,9.3889
0.609901,47.2873,14.6587
2.65843,58.317,21.508
5.67469,70.4558,28.5511
9.38737,18.1195,37.9412
14.672,0.59411,47.7291
20.973,2.33046,58.49
29.0361,5.28907,70.951
37.7843,9.38486,84.0331
47.3859,14.5645,98.4785
58.4556,0.36121,6.85735
70.7667,0.602864,0.79385
84.1108,2.4022,2.46246
101.288,114.08,5.25713
115.055,1.1738,9.88279
131.472,59.9806,15.226
161.296,3.33658,21.2611
68.4345,139.977,30.3489
16.5168,13.0037,37.3457
59.7537,59.8289,47.3211
0.409718,0.937924,58.4061
164.307,36.4391,70.692
4.03115,0.583364,36.3047
55.3696,44.0259,110.784
1.32541,1.42527,0.373266
11.9961,37.359,50.0396
1.21343,15.3813,0.264755
31.9015,41.503,111.289
1.10759,6.83224,1.46886
1.37936,20.7441,34.4111
0.901294,0.646341,1.57464
12.1199,20.5664,63.7459
0.794759,1.00325,0.424781
6.95122,8.98006,50.7568
0.808344,0.13507,0.700916
4.71981,8.18037,35.344
0.801728,2.3924,2.81273
12.2347,5.0768,46.2981
0.73144,1.63335,0.466502
2.23174,2.56786,16.9486
0.620948,0.405815,0.103863
13.2529,1.64794,36.2021
0.605229,0.109374,0.745404
13.6251,0.857896,36.6942
0.586411,0.236153,2.10668
8.12045,3.91331,13.3371
0.353264,2.72335,0.30603
164.79,0.890866,29.6999
0.599001,1.63206,1.31182
10.7629,0.398173,4.45787
0.050448,0.882506,0.0502532
80.3407,0.211654,18.5694
2.17309,0.788891,0.62335
0.747675,0.81103,10.9535
2.90932,1.57563,0.0891103
0.347701,0.488218,8.79547
3.63823,0.91247,0.165459
51.1641,0.743281,30.5134
6.92115,1.43355,0.378467
22.8571,0.58738,11.0536
6.90807,2.34276,1.15379
45.2175,5.23873,21.2145
12.5296,2.90182,0.301739
16.4106,0.675619,10.5091
4.16759,2.32088,1.08253
2.6961,5.23209,8.55808
0.522228,9.30152,1.64474
3.17702,14.5591,10.8159
1.32312,1.2652,4.77214
0.596385,0.629473,0.607413
2.47111,2.34484,0.218974
5.26721,5.25163,0.606089
0.190644,1.76779,2.618
3.70307,0.586647,5.97674
0.595788,2.33565,0.62112
7.60022,3.92904,4.51425
0.582355,0.0216047,0.746914
10.3106,0.585433,0.700809
0.112972,0.0959723,0.412416
1.14472,0.0639501,0.721993
0.828255,0.684812,2.61658
2.42155,3.45342,5.30196
2.42208,0.245466,9.58808
1.91257,0.69565,14.5575
2.76224,0.77487,21.6239
1.40537,0.596895,28.9898
3.83545,0.879203,37.5763
6.34006,0.588819,47.802
10.6494,2.32858,58.3308
19.2095,5.24597,82.4353
20.9502,9.31667,13.4845
32.5267,0.129949,0.555912
0.824972,0.589598,0.751037
1.87777,0.582453,3.36963
4.18697,2.49073,5.32217
0.638883,5.36019,1.46514
2.90205,9.4315,0.240432
6.22784,14.5892,6.1881
9.57783,21.0729,2.4549
14.5646,28.5294,4.31652
12.3996,37.5399,2.29887
1.80216,47.1788,5.7319
2.87042,1.89593,3.65436
5.58821,1.23493,5.53119
9.62593,2.44976,3.34655
14.7921,5.41554,5.62849
21.0612,9.3299,5.58615
28.6883,2.07852,1.68156
3.85602,0.637294,2.61805
0.616382,0.211895,0.150681
2.36414,0.950368,1.19566
5.2789,0.636307,0.586338
6.20393,2.3391,0.0217993
0.584588,5.27409,0.601473
2.33738,9.35424,2.30743
0.00184667,14.5323,5.21903
0.639518,8.54816,6.26103
2.342,0.70216,0.58877
1.60625,0.282923,2.36929
0.578917,0.381103,5.19642
2.371,1.05095,9.36637
5.2274,0.635382,14.5181
1.66119,2.77207,3.92223
2.66996,0.474902,0.684373
0.291819,4.9985,2.37001
0.235939,1.91953,5.38992
0.61244,5.94592,9.32311
3.13567,0.813288,11.1239
2.11699,0.311979,0.600027
4.06106,0.647216,2.87402
1.39454,2.62791,0.0781531
0.102643,0.627776,0.612974
0.768623,0.255653,1.61693
0.890635,0.660562,0.63122
5.61067,2.35099,0.454065
0.581725,0.102981,0.667232
2.32711,0.626474,2.5423
5.26599,0.610374,5.30566
2.49171,2.4335,6.4881
0.608778,5.3723,0.786163
2.43938,7.04428,1.94888
5.3087,5.80704,0.602283
9.44008,1.3689,2.36215
14.5794,0.031641,5.33664
21.2252,0.170124,3.52034
28.695,69.083,0.58755
1.52659,0.0810092,2.32879
0.638533,8.39079,5.35873
2.55387,0.583222,9.67019
5.53528,2.31904,14.5433
9.36754,0.499555,21.4113
14.6402,0.590216,28.5968
20.9782,2.35103,37.6552
28.8033,5.24185,47.8822
37.4954,9.42223,58.1709
47.2044,14.6508,70.5841
58.6817,21.0029,83.7736
70.701,28.5453,98.4138
84.0923,37.433,0.18723
100.45,47.2947,0.638744
30.5288,58.2151,2.61119
0.620706,70.4779,5.4376
3.55752,39.355,9.63161
7.08153,0.702055,15.6978
0.135615,2.348,20.9854
89.6475,5.24115,28.5501
4.38272,2.26549,37.3087
182.263,12.1595,47.2778
2.87347,0.586342,58.2522
29.7124,2.33497,86.2295
1.1195,5.27044,0.631213
105.793,9.41474,195.837
1.2968,7.78837,0.736168
19.2795,97.0115,83.5428
0.937979,0.447633,4.0498
1.3285,23.021,32.4801
1.13181,1.08152,0.664134
21.0179,118.286,61.0408
0.765749,7.81933,0.738512
0.407224,53.4983,39.4505
0.790453,5.66402,1.21139
12.2453,19.929,54.1453
0.769725,0.590083,5.18036
18.1023,36.8147,52.877
0.656826,1.23279,0.583958
2.86584,25.2482,19.2585
0.643345,9.36899,0.124885
22.771,41.8734,46.4422
0.618884,5.41938,1.14152
4.87661,21.822,14.5152
0.600732,1.19988,1.15068
14.413,12.9366,20.0764
0.0474347,0.696418,0.0610641
14.9682,17.5788,28.3468
0.590691,3.76021,0.607599
25.4,3.90326,8.10042
0.587222,0.0386098,0.870046
56.4672,2.22619,16.9457
0.704688,0.276961,0.00762636
2.34552,1.49022,2.55488
5.40884,0.106994,0.605
79.5871,1.72081,9.93822
0.946427,0.33848,0.854457
7.55662,0.582799,20.5696
2.17257,0.412915,0.64535
14.9212,3.22197,15.1499
4.53434,1.8571,6.70047
32.3224,1.3395,16.1001
8.87672,5.15686,0.389874
12.8749,0.546998,4.99557
4.91607,1.69233,1.19384
12.6973,0.0604177,11.4984
2.595,0.188191,0.944975
10.4795,0.58426,10.9448
12.9886,0.0653294,8.77602
0.771038,0.0645785,0.997475
4.05247,0.330193,4.47102
0.689489,0.622727,0.62017
2.35263,0.83712,3.42427
24.1338,0.630269,6.15494
7.98375,0.0502947,1.15627
3.04703,0.637755,0.431715
0.601104,0.299689,0.829472
2.54208,0.605573,2.37306
5.38742,2.46987,0.388443
9.3934,5.24476,0.589879
8.94119,9.34358,2.56421
1.31066,14.7876,5.40622
2.58095,1.53849,9.60476
1.25365,0.604673,14.7685
3.57187,2.34636,21.1595
6.38085,5.21953,29.2964
10.3151,9.37091,37.2504
17.2175,7.12867,47.2656
1.08168,0.42069,9.44833
13.3634,1.97476,1.20846
3.12937,0.388329,0.647138
1.75883,0.216932,2.70341
4.88568,0.1166,5.27951
0.590903,0.614882,6.81963
0.908776,2.33254,0.877956
1.45067,2.41952,6.76877
2.73791,0.702472,3.71802
5.26571,2.33873,4.00774
10.5019,5.60521,2.71587
15.9607,10.0947,3.87417
21.5122,2.36395,1.76098
28.9272,0.760286,5.33004
0.578296,1.01774,4.23464
0.842813,0.641145,4.86262
2.46742,2.3907,5.36675
5.47664,5.24341,3.14518
9.30388,1.59911,6.08385
14.5405,0.5996,0.260767
4.73601,2.50952,1.09078
0.594486,5.37949,0.640161
2.3477,10.1806,1.02249
0.0812149,16.1686,0.586226
0.283322,20.9288,0.0210688
0.583587,28.4884,0.598056
2.33376,37.2186,2.3286
5.26451,47.3717,5.28168
3.30991,23.9408,1.01218
0.586264,0.755689,0.592888
2.33284,2.6685,2.37077
5.23697,5.42426,5.2371
0.643795,0.296687,9.43844
0.60524,0.859586,14.6363
2.41825,8.82304,6.93364
0.694366,0.35075,0.739266
0.192519,0.302726,2.35934
2.16463,0.603009,5.33215
0.597001,2.33804,1.61357
5.41873,5.24959,1.60567
1.22727,9.30906,0.665634
0.247389,0.791382,0.399973
1.57554,0.732149,0.427823
1.8866,2.54021,1.41018
1.55004,0.256858,0.375498
0.727115,0.664973,0.591018
0.563064,0.0968134,2.4659
0.625171,0.581693,1.05526
0.0346184,2.62924,0.504607
0.585649,5.46052,0.108577
2.34915,9.10999,0.867142
5.2712,0.90755,0.604674
9.3818,5.00374,2.36244
0.00724528,0.848025,5.2707
0.671861,2.96281,3.88031
2.32024,0.716597,0.694295
5.51291,3.88,2.36937
9.44012,0.72282,5.32796
14.8078,0.672027,9.6662
21.1079,0.592022,14.5617
28.6515,2.3623,21.4922
37.2662,0.166974,28.7303
47.2358,0.723795,37.7978
58.986,0.601552,47.8584
70.5422,2.35664,58.4535
83.837,5.24389,70.57
11.5785,9.34202,83.8945
0.591869,7.77408,98.3749
2.49308,0.0848866,4.84091
6.37664,0.220834,0.910097
9.47824,0.372508,2.65448
14.5882,0.63199,5.30573
21.5566,2.31834,9.87188
29.2093,59.112,16.7637
37.4027,0.576971,20.995
77.2365,5.99519,28.6257
5.88419,0.00863269,37.3625
95.6285,0.582315,47.4758
0.56945,2.35812,58.3937
72.7939,5.23308,99.7314
1.18031,9.35811,0.254511
54.1997,14.6363,111.962
1.31842,21.001,2.20089
18.5399,28.5918,66.4956
1.21895,37.3915,0.176726
6.10898,47.1889,51.8068
0.865667,40.0367,0.494768
2.79005,0.591729,39.9571
0.909876,2.43659,0.229051
11.5694,5.32143,49.6257
0.928266,0.830634,0.148041
5.46427,0.650858,46.959
0.88447,2.32577,3.23674
3.29303,5.26058,26.7567
0.798475,9.31368,0.00881442
4.00766,14.5515,23.7483
0.672707,0.0562362,0.633417
3.89505,0.729775,26.4949
0.597446,2.56064,0.118455
8.15198,5.23858,22.5239
0.583384,9.58742,1.21781
16.6264,102.73,19.7308
0.00667704,1.52506,0.12802
124.69,89.9597,14.4107
0.601554,2.56423,0.233694
112.43,42.6064,11.9268
0.643762,3.8988,0.574396
23.7287,87.5198,16.9136
1.11457,0.735303,0.621942
2.55394,27.7329,15.324
5.82834,1.06495,0.152532
38.7721,152.097,14.5514
1.5394,6.79449,0.084227
46.1286,49.4442,15.7114
18.7762,9.18415,0.351134
29.5058,12.1334,10.65
4.47727,0.219564,0.500954
27.6181,42.2463,6.39367
15.6808,0.177475,0.910802
9.29686,7.20885,11.757
0.484957,2.10569,0.647356
3.7671,14.6525,10.3472
0.196485,2.3887,1.70649
2.15721,1.0333,3.5264
4.86357,0.584927,2.22324
0.771904,0.540521,0.59071
2.4966,0.594464,0.426431
5.25691,1.71689,0.577106
9.58214,0.61271,2.49332
25.7478,0.775624,14.8832
0.582438,0.110081,0.658666
6.37811,2.31746,6.7701
0.292609,0.922341,0.893889
8.69545,1.37348,1.97493
0.604767,1.73624,0.605275
2.3208,0.394888,2.43179
2.0381,0.659838,0.050693
3.45913,1.25554,0.761295
29.5998,0.744594,2.75541
2.26705,2.32534,0.596077
4.78964,1.65446,2.64573
1.14468,0.652732,5.56941
5.82856,0.588378,9.5434
10.5422,0.69705,15.0183
10.0854,3.32144,20.9644
16.8468,0.612032,28.5392
21.0184,0.0837751,37.2699
4.69228,0.589851,47.2963
5.31296,2.39764,58.398
0.584806,5.25756,64.8651
1.45528,0.518491,0.729016
0.706095,0.62895,5.45363
2.8154,2.32638,1.10553
5.50446,5.29138,2.6598
10.0741,9.35286,0.573879
15.2496,1.91214,3.42443
21.5705,0.220805,1.49318
3.27735,0.621367,5.0767
0.946333,2.33334,3.73463
2.49044,5.22526,5.19645
5.47227,3.72008,6.16694
9.46346,0.595466,5.0917
14.6072,2.34412,6.10525
21.074,5.25913,1.66755
5.35719,9.33941,4.77631
0.597907,5.83402,0.662658
2.34318,0.0115779,2.7161
5.27627,0.948376,0.685804
1.15616,0.662072,1.25804
0.597629,2.32115,0.594437
0.072697,1.40451,2.31787
0.594064,1.62749,5.29051
2.3867,1.24772,5.59057
5.25451,0.647777,0.564629
2.67308,0.834331,2.30723
0.205408,0.600452,5.20469
0.065015,2.32841,5.23984
0.342119,5.24697,0.595527
0.661774,2.59078,2.43996
3.29647,0.800561,0.525955
0.204343,2.64805,0.626181
0.592069,5.26566,2.47538
1.31517,9.57387,5.24632
2.29529,14.6167,0.216361
1.24675,21.1711,0.619815
0.648847,28.7128,2.38795
1.13935,11.0698,2.3178
0.724977,0.61106,0.608919
3.84824,2.41935,0.125407
0.0884522,5.24927,0.596483
0.312629,9.66645,0.0406763
0.893682,14.7713,0.588511
0.0807732,21.2178,2.48198
0.5876,28.9537,5.26475
2.37626,25.3479,2.32342
5.30414,0.624935,0.8257
9.34047,2.20933,0.309059
14.5977,0.713278,0.90414
21.0412,0.160658,0.415563
28.6028,0.615482,0.63741
26.3039,2.36325,2.31503
0.595151,5.3282,5.33621
2.58177,4.25506,9.50245
5.31584,0.594935,14.6313
9.68821,2.40733,21.6067
14.9459,5.25746,28.5724
21.0795,0.214566,37.9154
28.6578,0.603308,47.4314
37.3151,2.62755,58.7106
47.6494,5.46398,71.1875
58.5287,10.4083,83.9745
70.7259,0.820515,99.0541
84.0688,1.9722,114.089
98.4781,0.852801,131.026
114.677,1.53052,23.9328
134.336,0.692192,0.595709
34.5388,0.102264,2.6516
0.873678,0.644719,5.5117
2.65759,0.149047,9.65144
11.9354,0.583061,15.9871
3.39035,2.36718,20.9569
150.351,5.29222,28.5208
7.05582,4.03132,37.269
93.6131,0.606958,10.8587
0.348311,2.32944,0.630644
72.4567,5.24435,103.662
0.909211,9.34342,0.178359
13.5979,118.632,64.973
1.02172,0.656202,2.99163
31.2297,5.86781,117.966
1.18776,0.62746,1.37397
4.85136,0.716562,28.7434
0.858784,2.3346,0.0888801
8.86785,90.388,74.7474
0.841007,0.00104859,0.432588
10.3373,7.74643,51.2271
0.8747,0.582418,0.903249
5.50703,2.37481,34.2796
0.743175,0.080361,2.07923
8.51841,0.599789,31.2982
0.630839,2.38566,0.0218324
4.56517,5.31991,13.3587
0.596483,9.39358,0.712326
18.5744,14.5667,29.3434
0.586983,21.0526,0.949917
19.2529,28.5433,27.3629
0.489251,37.3689,0.670067
9.32317,47.2119,16.7501
0.0119993,12.8744,1.15578
340.038,0.622846,25.4447
0.585306,0.0981124,0.776965
28.0082,0.668965,5.91641
0.232829,2.32959,0.196387
5.61169,5.23905,16.1583
0.200609,0.00609707,0.581556
0.649684,0.600974,6.94772
2.52069,2.38667,0.616895
0.150967,5.30642,9.054
0.877261,9.64585,0.764629
59.1276,14.6661,41.1729
0.677893,2.33211,0.427037
19.287,104.441,15.8588
3.42595,1.0591,3.29295
47.9417,61.1729,27.9753
7.26977,2.50955,0.740044
23.2019,56.9441,22.0109
4.03154,5.06226,1.0339
8.89871,60.5488,13.5356
2.90162,0.63656,1.11598
11.8342,22.8964,15.2021
4.62262,1.31478,5.38356
0.692978,98.486,0.586858
2.53784,19.5311,0.118551
0.711104,26.7063,1.45349
2.33525,1.37875,8.10605
8.88821,8.83187,0.118734
7.25187,0.692189,1.64765
3.48087,32.4334,1.54976
0.666108,0.76446,0.868422
2.56237,7.55102,2.33468
5.27143,5.91659,1.10899
1.39922,6.83239,1.65743
0.723477,0.967971,2.45217
3.31881,1.10913,5.3108
1.35076,0.591609,9.87763
1.06381,0.278857,14.7612
3.7203,0.718237,21.933
8.3021,7.28723,33.5163
10.0246,2.08502,37.617
1.77926,0.439511,16.844
19.4595,0.359534,1.19625
9.68741,5.36021,1.52207
0.478928,3.06489,0.599083
1.47157,2.67399,2.70937
7.34801,2.45458,5.40675
0.594116,0.591638,0.959824
3.04382,0.872926,0.54364
5.71488,1.15437,9.70762
10.1715,0.674812,6.6889
15.1698,0.922548,8.17306
22.0283,0.319472,8.46194
1.64734,0.695656,5.64943
1.24361,1.03065,2.07894
2.66082,0.555398,6.5509
5.75881,2.49445,4.84527
9.74158,0.595946,2.87605
14.6982,2.3664,2.90789
21.1021,5.23772,0.820079
28.5322,1.84232,2.08509
6.63285,0.590341,0.603014
0.588491,2.37188,1.18006
2.36373,5.32546,0.598128
5.2871,9.347,0.0321627
1.45605,14.6413,0.601455
0.665824,7.43509,2.36967
2.35262,0.575774,5.22431
3.3903,2.35062,1.50154
0.587256,5.25733,0.596985
2.42529,2.51396,2.39253
0.108835,0.592231,5.25321
0.191373,2.36209,9.43028
4.63318,5.27114,4.90988
1.1782,9.39484,0.644153
8.47585,9.01328,0.843709
0.993912,0.0521429,0.594799
6.00983,0.590026,2.34002
3.96959,0.146663,1.8069
2.01032,8.53646,0.588303
4.82492,0.343614,0.306835
1.89011,0.586876,0.353097
0.36289,2.62959,0.632571
0.899149,7.7628,2.45707
4.19727,2.25578,2.62732
0.363086,0.752004,0.582989
3.54939,1.97088,0.0974117
0.700047,0.581824,0.705287
2.32698,2.34125,2.49599
5.41414,5.27095,5.31249
9.51842,3.37429,0.751361
14.707,0.659624,0.701211
5.33003,2.68652,3.21402
0.630302,5.24551,0.678262
2.62749,9.86431,2.33578
5.43006,15.5792,5.25739
9.55507,20.9439,0.0458974
14.7833,28.5077,0.602792
21.0797,4.60827,2.46856
28.6672,0.657118,5.26415
37.2883,2.40531,9.63012
47.2486,5.23067,14.604
58.2697,9.66395,21.4169
70.5017,14.6702,28.6743
25.2484,21.131,37.49
1.32228,28.9154,48.1744
2.77318,31.1807,58.2646
5.76204,0.110679,70.6424
9.43024,0.928668,83.854
14.9814,0.666146,98.4915
20.9551,2.32477,114.372
29.4177,5.24313,130.982
38.51,9.3217,149.592
48.5175,14.5572,169.571
58.516,10.0661,188.629
71.3259,0.619188,210.349
89.7378,2.40401,187.595
85.6102,5.24791,90.3685
1.67671,6.89166,0.582493
86.1118,0.607074,126.772
1.06729,2.51755,0.668752
144.689,5.33151,217.978
1.52176,8.22325,0.342701
4.18287,0.765022,35.9577
1.02831,1.26047,4.83763
43.0057,0.96372,139.916
1.30987,3.40804,0.570541
3.51315,0.819909,34.1585
0.781495,1.46478,0.421932
6.34928,0.788501,77.2519
0.903343,2.08463,1.40803
21.6454,0.592014,70.2076
0.869129,2.41224,2.12013
2.53946,5.32681,12.8457
5.47785,7.96168,1.9083
54.9038,0.643897,59.2747
0.622202,2.33734,0.613193
0.806513,5.28661,17.858
0.607905,9.35795,0.119862
13.8303,103.965,26.1383
0.584391,0.0623648,0.793487
23.2547,0.293233,31.6088
0.583664,0.45663,0.547329
21.6051,0.624136,18.5232
0.584691,2.36411,0.124621
226.075,46.8103,29.8579
0.619704,0.586938,0.000453328
5.87084,10.8502,9.40176
0.366994,0.110375,0.00691789
0.585582,0.65512,5.06583
2.96541,0.158761,0.662858
30.8136,0.621743,19.5438
4.71411,2.40733,0.406297
16.8501,5.26993,5.45065
3.81255,9.35967,0.242854
56.0689,14.535,28.189
14.6606,21.1202,0.404002
22.6525,28.5038,10.1557
9.28062,37.5252,0.330894
13.6099,0.255344,9.73695
